name,handedness,height,weight,avg,HR,BMI
Denny Lemaster,R,73,182,0.13,4,24.00938262
Joe Nolan,L,71,175,0.263,27,24.40487998
Denny Doyle,L,69,175,0.25,16,25.84015963
Jose Cardenal,R,70,150,0.275,138,21.52040816
Mike Ryan,R,74,205,0.193,28,26.31756757
Fritz Peterson,B,72,185,0.159,2,25.08777006
Dick Bertell,R,72,200,0.25,10,27.12191358
Rod Kanehl,R,73,180,0.241,6,23.74554325
Juan Bonilla,R,69,170,0.256,7,25.10186936
Frank Tepedino,L,71,185,0.241,6,25.79944455
Rick Wise,R,73,180,0.195,15,23.74554325
Darrell Evans,L,74,200,0.248,414,25.67567568
Buck Martinez,R,70,190,0.225,58,27.25918367
John Wockenfuss,R,72,190,0.262,86,25.7658179
Tommy McCraw,L,72,183,0.246,75,24.81655093
Lee Lacy,R,73,175,0.286,91,23.08594483
Pete Rose,B,71,192,0.303,160,26.77563975
Danny Walton,R,72,195,0.223,28,26.44386574
Bobby Cox,R,71,180,0.225,9,25.10216227
Brad Wellman,R,72,170,0.231,6,23.05362654
Jeff Newman,R,74,215,0.224,63,27.60135135
Pedro Gonzalez,R,72,176,0.244,8,23.86728395
Tommie Reynolds,R,74,190,0.226,12,24.39189189
Gene Clines,R,69,170,0.277,5,25.10186936
Jim Hickman,R,75,192,0.252,159,23.99573333
Jack Billingham,R,76,195,0.111,0,23.73355263
Jerry Buchek,R,71,185,0.22,22,25.79944455
Ivan DeJesus,R,71,175,0.254,21,24.40487998
Gary Nolan,R,74,197,0.138,1,25.29054054
Fred Whitfield,L,73,190,0.253,108,25.0647401
Larry Dierker,R,76,215,0.136,4,26.16776316
Dave Skaggs,R,74,200,0.241,3,25.67567568
Dick Ruthven,R,75,190,0.183,1,23.74577778
Dave Kingman,R,78,210,0.236,442,24.265286
Eric Soderholm,R,71,187,0.264,102,26.07835747
Ed Brinkman,R,72,170,0.224,60,23.05362654
Wayne Garrett,L,71,175,0.239,61,24.40487998
Tony Muser,L,74,180,0.259,7,23.10810811
Ted Ford,R,70,180,0.219,17,25.8244898
Jim Lyttle,L,72,180,0.248,9,24.40972222
Scot Thompson,L,75,195,0.262,5,24.37066667
Gene Locklear,L,70,165,0.274,9,23.67244898
Bo Diaz,R,71,185,0.255,87,25.79944455
Bump Wills,B,69,172,0.266,36,25.39718547
Pat Putnam,L,72,205,0.255,63,27.79996142
Kurt Bevacqua,R,72,180,0.236,27,24.40972222
Syd O'Brien,R,73,185,0.23,24,24.40514168
Chris Chambliss,L,73,195,0.279,185,25.72433853
Tom Satriano,L,73,185,0.225,21,24.40514168
Jeffrey Leonard,R,74,200,0.266,144,25.67567568
Dal Maxvill,R,71,157,0.217,6,21.89466376
Cesar Tovar,R,69,155,0.278,46,22.88699853
Mickey Lolich,B,73,170,0.11,0,22.42634641
Jack Heidemann,R,72,175,0.211,9,23.73167438
Rich Rollins,R,70,185,0.269,77,26.54183673
Walt Bond,L,79,228,0.256,41,25.68242269
Merv Rettenmund,R,70,190,0.271,66,27.25918367
Byron Browne,R,74,190,0.236,30,24.39189189
Hector Torres,R,72,175,0.216,18,23.73167438
Walt Williams,R,66,165,0.27,33,26.62878788
Jerry Koosman,R,74,205,0.119,2,26.31756757
Steve Lombardozzi,R,72,175,0.233,20,23.73167438
Joe Azcue,R,72,190,0.252,50,25.7658179
Elliott Maddox,R,71,180,0.261,18,25.10216227
Omar Moreno,L,74,180,0.252,37,23.10810811
Julian Javier,R,73,175,0.257,78,23.08594483
Elio Chacon,R,69,160,0.232,4,23.6252888
Rusty Torres,B,70,175,0.212,35,25.10714286
John Stearns,R,72,185,0.26,46,25.08777006
Larry Brown,R,70,160,0.233,47,22.95510204
Tommy Dean,R,72,165,0.18,4,22.3755787
Marty Martinez,B,72,170,0.243,0,23.05362654
Bruce Boisclair,L,74,185,0.263,10,23.75
Ken Singleton,B,76,210,0.282,246,25.55921053
Frank White,R,71,165,0.255,160,23.01031541
Jim Fairey,L,70,190,0.235,7,27.25918367
Tom Brookens,R,70,165,0.246,71,23.67244898
Gary Thomasson,L,73,180,0.249,61,23.74554325
Otto Velez,R,72,170,0.251,78,23.05362654
Tony Scott,B,72,164,0.249,17,22.23996914
Ray Oyler,R,71,165,0.175,15,23.01031541
Floyd Robinson,L,69,175,0.283,67,25.84015963
Steve Jeltz,B,71,180,0.21,5,25.10216227
Lou Brock,L,71,170,0.293,149,23.7075977
Joe Lovitto,B,72,185,0.216,4,25.08777006
Wayne Comer,R,70,175,0.229,16,25.10714286
Dave Collins,B,71,175,0.272,32,24.40487998
Ed Spiezio,R,71,180,0.238,39,25.10216227
Rico Petrocelli,R,72,175,0.251,210,23.73167438
Johnny Lewis,L,73,189,0.227,22,24.93282042
Dick Simpson,R,76,176,0.207,15,21.42105263
Ken Boswell,L,72,170,0.248,31,23.05362654
Ken McMullen,R,75,190,0.248,156,23.74577778
Steve Swisher,R,74,205,0.216,20,26.31756757
Dick Howser,R,68,155,0.248,16,23.56509516
Manny Castillo,B,69,160,0.242,3,23.6252888
Mike Ramsey,B,73,170,0.24,2,22.42634641
Willie Crawford,L,73,197,0.268,86,25.98817789
Willie Norwood,R,72,185,0.242,18,25.08777006
Jeff Stone,L,72,175,0.277,11,23.73167438
Joe Lahoud,L,73,198,0.223,65,26.12009758
Tim Flannery,L,71,175,0.255,9,24.40487998
Dave McKay,B,73,195,0.229,21,25.72433853
Benny Ayala,R,73,185,0.251,38,24.40514168
Greg Gross,L,70,160,0.287,7,22.95510204
Sal Butera,R,72,190,0.227,8,25.7658179
Jack Brohamer,L,70,165,0.245,30,23.67244898
Von Joshua,L,70,170,0.273,30,24.38979592
Eddie Milner,L,71,173,0.253,42,24.12596707
Johnny Jeter,R,73,180,0.244,18,23.74554325
Angel Salazar,R,72,180,0.212,2,24.40972222
Tony Oliva,L,73,175,0.304,220,23.08594483
Cito Gaston,R,75,190,0.256,91,23.74577778
Cookie Rojas,R,70,160,0.263,54,22.95510204
Rich Morales,R,71,170,0.195,6,23.7075977
Dan Ford,R,73,185,0.27,121,24.40514168
Darryl Motley,R,69,196,0.243,44,28.94097879
Ozzie Virgil,R,73,180,0.243,98,23.74554325
Johnny Oates,L,71,188,0.25,14,26.21781393
Mike Phillips,L,72,170,0.24,11,23.05362654
Ron Santo,R,72,190,0.277,342,25.7658179
Jay Johnstone,L,73,175,0.267,102,23.08594483
Jim Ray Hart,R,71,185,0.278,170,25.79944455
Marc Hill,R,75,205,0.223,34,25.62044444
Chico Salmon,R,70,160,0.249,31,22.95510204
Joe Niekro,R,73,185,0.156,1,24.40514168
Andy Etchebarren,R,73,190,0.235,49,25.0647401
Ken Berry,R,72,175,0.255,58,23.73167438
Dave Concepcion,R,74,155,0.267,101,19.89864865
Junior Moore,R,71,185,0.264,7,25.79944455
Mike Richardt,R,72,170,0.226,4,23.05362654
Chris Brown,R,72,185,0.269,38,25.08777006
Al Bumbry,L,68,170,0.281,54,25.84558824
Al Downing,R,71,175,0.127,2,24.40487998
Bob Didier,B,72,190,0.229,0,25.7658179
Jake Gibbs,L,72,180,0.233,25,24.40972222
Garry Hancock,L,72,175,0.247,12,23.73167438
Ed Kranepool,L,75,205,0.261,118,25.62044444
Rick Rhoden,R,75,195,0.238,9,24.37066667
Denny McLain,R,73,185,0.133,1,24.40514168
Chuck Hiller,L,71,170,0.243,20,23.7075977
Jorge Orta,L,70,170,0.278,130,24.38979592
Dave Cash,R,71,170,0.283,21,23.7075977
Bucky Dent,R,69,170,0.247,40,25.10186936
Tony Gonzalez,L,69,170,0.286,103,25.10186936
Larry Haney,R,74,195,0.215,12,25.03378378
Billy Conigliaro,R,72,180,0.256,40,24.40972222
Gary Roenicke,R,75,205,0.247,121,25.62044444
Don Lock,R,74,195,0.238,122,25.03378378
Billy Cowan,R,72,170,0.236,40,23.05362654
Billy Smith,B,74,185,0.23,17,23.75
Tony Perez,R,74,175,0.279,379,22.46621622
Chuck Schilling,R,70,160,0.239,23,22.95510204
Hal McRae,R,71,180,0.29,191,25.10216227
Dave Roberts,R,75,215,0.239,49,26.87022222
Jim Lefebvre,B,72,180,0.251,74,24.40972222
Charlie Spikes,R,75,215,0.246,65,26.87022222
Steve Whitaker,L,72,180,0.23,24,24.40972222
Manny Jimenez,L,73,185,0.272,26,24.40514168
Duffy Dyer,R,72,187,0.221,30,25.3589892
Ken Henderson,B,74,180,0.257,122,23.10810811
Vern Fuller,R,73,170,0.232,14,22.42634641
Wayne Gross,L,74,210,0.233,121,26.95945946
Mike Champion,R,72,185,0.229,2,25.08777006
Paul Casanova,R,76,180,0.225,50,21.90789474
Steve Rogers,R,74,175,0.138,0,22.46621622
Terry Crowley,L,72,180,0.25,42,24.40972222
Horace Clarke,B,69,170,0.256,27,25.10186936
Lou Clinton,R,73,185,0.247,65,24.40514168
Larry Cox,R,70,178,0.221,12,25.53755102
Nate Colbert,R,74,190,0.243,173,24.39189189
Phil Roof,R,74,190,0.215,43,24.39189189
Chuck Hinton,R,73,180,0.264,113,23.74554325
Tim Cullen,R,73,185,0.22,9,24.40514168
Tim Harkness,L,74,182,0.235,14,23.36486486
Rick Bosetti,R,71,185,0.25,17,25.79944455
Ron Pruitt,R,72,185,0.269,12,25.08777006
George Foster,R,73,180,0.274,348,23.74554325
Jerry White,B,70,164,0.253,21,23.52897959
Angel Mangual,R,70,178,0.245,22,25.53755102
Ken Gerhart,R,72,190,0.221,24,25.7658179
Mike Hershberger,R,70,175,0.252,26,25.10714286
Jim French,L,68,180,0.196,5,27.36591696
Dave Roberts,L,75,195,0.194,7,24.37066667
Jim Mason,L,74,185,0.203,12,23.75
Willie Smith,L,72,182,0.248,46,24.68094136
Jose Arcia,R,75,170,0.215,1,21.24622222
Leon Durham,L,73,185,0.277,147,24.40514168
Paul Householder,B,72,180,0.236,29,24.40972222
Aurelio Rodriguez,R,70,180,0.237,124,25.8244898
Jimmy Stewart,B,72,165,0.237,8,22.3755787
Dick Phillips,L,72,180,0.229,12,24.40972222
Andres Thomas,R,73,170,0.234,42,22.42634641
Ed Crosby,L,74,175,0.22,0,22.46621622
Mike de la Hoz,R,71,175,0.251,25,24.40487998
Frank Taveras,R,72,155,0.255,2,21.01948302
Joe Nossek,R,72,178,0.228,3,24.13850309
Larry Stahl,L,72,175,0.232,36,23.73167438
Jose Cruz,L,72,170,0.284,165,23.05362654
Don Mason,L,71,160,0.205,3,22.31303313
Bill Robinson,R,74,189,0.258,166,24.26351351
Sal Bando,R,72,195,0.254,242,26.44386574
George Mitterwald,R,74,195,0.236,76,25.03378378
Craig Robinson,R,70,165,0.219,0,23.67244898
Bob Tillman,R,76,205,0.232,79,24.95065789
Pat Corrales,R,72,180,0.216,4,24.40972222
Mike Tyson,R,69,170,0.241,27,25.10186936
Rafael Landestoy,B,70,165,0.237,4,23.67244898
Duane Josephson,R,72,190,0.258,23,25.7658179
Duane Walker,L,72,185,0.229,24,25.08777006
Glenn Hubbard,R,69,150,0.244,70,22.14870825
Roger Freed,R,72,190,0.245,22,25.7658179
George Hendrick,R,75,195,0.278,267,24.37066667
Rod Carew,L,72,170,0.328,92,23.05362654
Bob Davis,R,72,180,0.197,6,24.40972222
Toby Harrah,R,72,175,0.264,195,23.73167438
Rick Manning,L,73,180,0.257,56,23.74554325
Gary Matthews,R,74,185,0.281,234,23.75
Cesar Geronimo,L,72,165,0.258,51,22.3755787
Billy Bryan,L,76,200,0.216,41,24.34210526
Terry Whitfield,L,73,197,0.281,33,25.98817789
Mario Mendoza,R,71,170,0.215,4,23.7075977
Fred Lynn,L,73,185,0.283,306,24.40514168
Larry Hisle,R,74,193,0.273,166,24.77702703
Graig Nettles,L,72,180,0.248,390,24.40972222
Dave Engle,R,75,210,0.262,31,26.24533333
Mike Easler,L,72,190,0.293,118,25.7658179
Rick Sweet,B,73,200,0.234,6,26.38393695
Thurman Munson,R,71,190,0.292,113,26.49672684
Rick Monday,L,75,193,0.264,241,24.12071111
Mike Sadek,R,69,165,0.226,5,24.36357908
Mark Belanger,R,73,170,0.228,20,22.42634641
Ron Hunt,R,72,186,0.273,39,25.22337963
Joe Keough,L,72,185,0.246,9,25.08777006
Vic Correll,R,70,185,0.229,29,26.54183673
Jackie Hernandez,R,71,165,0.208,12,23.01031541
Tony Solaita,L,72,210,0.255,50,28.47800926
U L Washington,B,71,175,0.251,27,24.40487998
Joe Foy,R,72,215,0.248,58,29.1560571
Ed Goodson,L,75,180,0.26,30,22.496
Mickey Klutts,R,71,170,0.241,14,23.7075977
Leroy Stanton,R,73,195,0.244,77,25.72433853
Danny Ainge,R,76,175,0.22,2,21.29934211
Adolfo Phillips,R,73,175,0.247,59,23.08594483
Marv Breeding,R,72,175,0.25,7,23.73167438
Dick McAuliffe,L,71,176,0.247,197,24.54433644
Joe Horlen,R,72,170,0.134,0,23.05362654
Glenn Burke,R,72,195,0.237,2,26.44386574
Terry Humphrey,R,75,185,0.211,6,23.12088889
Enzo Hernandez,R,68,155,0.224,2,23.56509516
Cesar Gutierrez,R,69,155,0.235,0,22.88699853
Coco Laboy,R,70,165,0.233,28,23.67244898
Ted Kubiak,B,72,175,0.231,13,23.73167438
Jim Morrison,R,71,175,0.26,112,24.40487998
Bobby Knoop,R,73,170,0.236,56,22.42634641
Bobby Brown,B,74,190,0.245,26,24.39189189
Tom Hutton,L,71,180,0.248,22,25.10216227
Ron Hodges,L,73,185,0.24,19,24.40514168
Rich Chiles,L,71,170,0.254,6,23.7075977
Tom Paciorek,R,76,215,0.282,86,26.16776316
Gary Woods,R,74,185,0.243,13,23.75
Bob Montgomery,R,73,195,0.258,23,25.72433853
Jeff Burroughs,R,73,200,0.261,240,26.38393695
Rusty Staub,L,74,190,0.279,292,24.39189189
Jim Norris,L,70,175,0.264,7,25.10714286
Oscar Gamble,L,71,160,0.265,200,22.31303313
George Vukovich,L,72,198,0.268,27,26.85069444
Craig Reynolds,L,73,175,0.256,42,23.08594483
Paul Blair,R,72,168,0.25,134,22.78240741
Al Cowens,R,73,197,0.27,108,25.98817789
Al Oliver,L,72,195,0.303,219,26.44386574
Dave Hilton,R,71,191,0.213,6,26.6361833
Luis Alvarado,R,69,162,0.214,5,23.92060491
Larry Parrish,R,75,190,0.263,256,23.74577778
Woodie Fryman,R,75,197,0.138,2,24.62062222
Bob Randall,R,74,175,0.257,1,22.46621622
Jim Pankovits,R,70,170,0.25,9,24.38979592
Carmen Fanzone,R,72,200,0.224,20,27.12191358
Gary Allenson,R,71,185,0.221,19,25.79944455
Milt May,L,72,190,0.263,77,25.7658179
Mike Vail,R,73,180,0.279,34,23.74554325
Nick Esasky,R,75,200,0.25,122,24.99555556
Jim Nettles,L,72,186,0.22,16,25.22337963
Chris Cannizzaro,R,72,190,0.235,18,25.7658179
Larry Biittner,L,74,205,0.273,29,26.31756757
Mel Stottlemyre,R,73,178,0.16,7,23.48170388
Roy Smalley,B,73,185,0.257,163,24.40514168
Andy Messersmith,R,73,200,0.17,5,26.38393695
Richie Zisk,R,73,200,0.287,207,26.38393695
Dave Chalk,R,70,175,0.252,15,25.10714286
Don Baylor,R,73,190,0.26,338,25.0647401
John Vukovich,R,73,187,0.161,6,24.66898105
Danny Thompson,R,72,183,0.248,15,24.81655093
Joe Simpson,L,75,175,0.242,9,21.87111111
Bill Fahey,L,72,200,0.241,7,27.12191358
Doug Camilli,R,71,195,0.199,18,27.19400913
Bernie Allen,L,72,175,0.239,73,23.73167438
Bruce Bochy,R,75,205,0.239,26,25.62044444
Claudell Washington,L,72,190,0.278,164,25.7658179
John Donaldson,L,71,160,0.238,4,22.31303313
John Mayberry,L,75,215,0.253,255,26.87022222
Ken Reitz,R,72,180,0.26,68,24.40972222
Amos Otis,R,71,165,0.277,193,23.01031541
Gene Alley,R,70,160,0.254,55,22.95510204
Ted Sizemore,R,70,165,0.262,23,23.67244898
Dan Briggs,L,72,180,0.195,12,24.40972222
Doug Flynn,R,71,165,0.238,7,23.01031541
Ken Holtzman,R,74,175,0.163,2,22.46621622
Pete Ward,L,73,185,0.254,98,24.40514168
Kevin Bell,R,72,195,0.222,13,26.44386574
Tom Nieto,R,73,193,0.205,5,25.46049916
Duke Sims,L,74,197,0.239,100,25.29054054
Larvell Blanks,R,68,167,0.253,20,25.38948962
Mike Davis,L,74,175,0.259,91,22.46621622
Jerry Reuss,L,77,200,0.167,1,23.71394839
Steve Yeager,R,72,190,0.228,102,25.7658179
Danny Goodwin,L,73,195,0.236,13,25.72433853
Bud Harrelson,B,71,160,0.236,7,22.31303313
Bob Knepper,L,75,195,0.137,6,24.37066667
Mickey Rivers,L,70,165,0.295,61,23.67244898
Jim Northrup,L,75,190,0.267,153,23.74577778
John Hale,L,74,195,0.201,14,25.03378378
Pedro Garcia,R,70,175,0.22,37,25.10714286
Carl Yastrzemski,L,71,175,0.285,452,24.40487998
Derrel Thomas,B,72,160,0.249,43,21.69753086
Art Howe,R,74,190,0.26,43,24.39189189
Ike Brown,R,72,190,0.256,20,25.7658179
Howie Goss,R,76,204,0.216,11,24.82894737
Glenn Borgmann,R,76,210,0.229,16,25.55921053
Lamar Johnson,R,74,215,0.287,64,27.60135135
Julio Gonzalez,R,71,162,0.235,4,22.59194604
Bobby Klaus,R,70,170,0.208,6,24.38979592
Manny Sanguillen,R,72,193,0.296,65,26.1726466
Gates Brown,L,71,220,0.257,84,30.68042055
Johnny Ray,B,71,170,0.29,53,23.7075977
Jesus Alou,R,74,190,0.28,32,24.39189189
Ken Landreaux,L,70,165,0.268,91,23.67244898
Enos Cabell,R,76,170,0.277,60,20.69078947
Billy North,B,71,185,0.261,20,25.79944455
Juan Beniquez,R,71,150,0.274,79,20.91846856
Frank Fernandez,R,72,185,0.199,39,25.08777006
Bombo Rivera,R,70,187,0.265,10,26.82877551
Steve Brye,R,72,190,0.258,30,25.7658179
Ron Jackson,R,72,200,0.259,56,27.12191358
Roger Metzger,B,72,165,0.231,5,22.3755787
Rufino Linares,R,72,170,0.27,11,23.05362654
Ray Webster,L,72,185,0.244,17,25.08777006
Bob Kearney,R,72,190,0.233,27,25.7658179
Fergie Jenkins,R,77,205,0.165,13,24.3067971
Dick Dietz,R,73,195,0.261,66,25.72433853
Ted Cox,R,75,195,0.245,10,24.37066667
Bobby Mitchell,L,70,170,0.243,3,24.38979592
Bobby Mitchell,R,75,185,0.235,21,23.12088889
Barry Evans,R,73,180,0.251,2,23.74554325
Mickey Brantley,R,70,180,0.259,32,25.8244898
Al Gallagher,R,72,180,0.263,11,24.40972222
Hector Cruz,R,71,170,0.225,39,23.7075977
Fred Norman,B,68,155,0.125,0,23.56509516
Woody Woodward,R,74,180,0.236,1,23.10810811
Ted Martinez,R,72,165,0.24,7,22.3755787
Jim Anderson,R,72,170,0.218,13,23.05362654
Lenn Sakata,R,69,160,0.23,25,23.6252888
Dave Duncan,R,74,190,0.214,109,24.39189189
Randy Jones,R,72,178,0.132,0,24.13850309
Dick Billings,R,73,195,0.227,16,25.72433853
Bruce Bochte,L,75,195,0.282,100,24.37066667
Bernie Carbo,L,71,173,0.264,96,24.12596707
Vic Davalillo,L,67,150,0.279,36,23.49075518
Burt Hooton,R,73,210,0.123,4,27.7031338
Fernando Gonzalez,R,70,165,0.235,17,23.67244898
Jim Sundberg,R,72,190,0.248,95,25.7658179
Andy Kosco,R,75,205,0.236,73,25.62044444
Steve Huntz,B,73,204,0.206,16,26.91161569
Lenny Faedo,R,72,170,0.251,5,23.05362654
John Lowenstein,L,72,175,0.253,116,23.73167438
Don Kessinger,B,73,170,0.252,14,22.42634641
Joe Hague,L,72,195,0.239,40,26.44386574
Bake McBride,L,74,190,0.299,63,24.39189189
Dick Davis,R,75,190,0.265,27,23.74577778
Richie Scheinblum,B,73,180,0.263,13,23.74554325
Ed Herrmann,L,73,195,0.24,80,25.72433853
Bob Molinaro,L,72,190,0.264,14,25.7658179
Mike Hegan,L,73,188,0.242,53,24.80090073
Mike Diaz,R,74,195,0.247,31,25.03378378
Tim Foli,R,72,179,0.251,25,24.27411265
Alan Knicely,R,72,190,0.213,12,25.7658179
Tim Laudner,R,75,212,0.225,77,26.49528889
Jose Morales,R,71,187,0.287,26,26.07835747
Juan Marichal,R,72,185,0.165,4,25.08777006
Vida Blue,B,72,189,0.104,4,25.63020833
Stan Papi,R,72,170,0.218,7,23.05362654
Rob Wilfong,L,73,180,0.248,39,23.74554325
Steve Henderson,R,74,190,0.28,68,24.39189189
Rob Picciolo,R,74,185,0.234,17,23.75
Roberto Pena,R,68,170,0.245,13,25.84558824
Bob Dernier,R,72,160,0.255,23,21.69753086
Bill Melton,R,74,200,0.253,160,25.67567568
Albert Hall,B,71,155,0.251,5,21.61575084
Barbaro Garbey,R,70,170,0.267,11,24.38979592
John Milner,L,72,185,0.249,131,25.08777006
Rich Reese,L,75,185,0.253,52,23.12088889
Chris Bando,B,72,195,0.227,27,26.44386574
Bill Buckner,L,72,185,0.289,174,25.08777006
Jack Hiatt,R,74,190,0.251,22,24.39189189
Nelson Mathews,R,76,195,0.223,22,23.73355263
Larry Lintz,B,69,150,0.227,0,22.14870825
Ron Theobald,R,68,165,0.248,2,25.08542388
Rafael Santana,R,73,165,0.246,13,21.76674798
Jerry Hairston,B,70,170,0.258,30,24.38979592
Tommie Aaron,R,75,190,0.229,13,23.74577778
Steve Dillard,R,73,180,0.243,13,23.74554325
George Scott,R,74,200,0.268,271,25.67567568
Ken Walters,R,73,180,0.231,11,23.74554325
Gorman Thomas,R,74,210,0.225,268,26.95945946
Paul Dade,R,73,185,0.27,10,24.40514168
Darrell Porter,L,72,193,0.247,188,26.1726466
Tim Johnson,L,73,170,0.223,0,22.42634641
Fred Stanley,R,70,165,0.216,10,23.67244898
Larry Bowa,B,70,155,0.26,15,22.2377551
Tim Corcoran,L,71,175,0.27,12,24.40487998
Jim Spencer,L,74,195,0.25,146,25.03378378
Pete LaCock,L,74,200,0.257,27,25.67567568
Carl Morton,R,72,200,0.156,7,27.12191358
Gary Gray,R,72,187,0.24,24,25.3589892
Matty Alou,L,69,160,0.307,31,23.6252888
Jim Dwyer,L,70,165,0.26,77,23.67244898
Dalton Jones,L,73,180,0.235,41,23.74554325
Rennie Stennett,R,71,160,0.274,41,22.31303313
Jerry May,R,74,190,0.234,15,24.39189189
Rich McKinney,R,71,185,0.225,20,25.79944455
Clint Hurdle,L,75,195,0.259,32,24.37066667
Mike Andrews,R,75,195,0.258,66,24.37066667
Bobby Clark,R,72,190,0.239,19,25.7658179
Cliff Johnson,R,76,215,0.258,196,26.16776316
Donn Clendenon,R,76,209,0.274,159,25.4375
Charlie James,R,73,195,0.255,29,25.72433853
Bob Horner,R,73,195,0.277,218,25.72433853
Tom Veryzer,R,73,175,0.241,14,23.08594483
George Smith,R,70,170,0.205,9,24.38979592
Jim Essian,R,74,195,0.244,33,25.03378378
Onix Concepcion,R,66,160,0.239,3,25.82185491
Boots Day,L,69,160,0.256,8,23.6252888
Brian Giles,R,73,165,0.228,10,21.76674798
Garry Maddox,R,75,175,0.285,117,21.87111111
Alex Trevino,R,70,165,0.249,23,23.67244898
Jim Price,R,72,192,0.214,18,26.03703704
Felix Millan,R,71,172,0.279,22,23.98651061
Steve Garvey,R,70,192,0.294,272,27.54612245
Don Mincher,L,75,205,0.249,200,25.62044444
Tony Cloninger,R,72,210,0.192,11,28.47800926
Jim Gosger,L,71,185,0.226,30,25.79944455
Chuck Harrison,R,70,185,0.238,17,26.54183673
Mike Ivie,R,75,205,0.269,81,25.62044444
Bob Veale,B,78,212,0.114,0,24.49638396
Marvell Wynne,L,71,175,0.247,40,24.40487998
Dusty Baker,R,74,183,0.278,242,23.49324324
Tucker Ashford,R,73,195,0.218,6,25.72433853
Ned Yost,R,73,190,0.212,16,25.0647401
Bob Stinson,B,71,180,0.25,33,25.10216227
Gaylord Perry,R,76,205,0.131,6,24.95065789
Dave Marshall,L,73,182,0.246,16,24.00938262
Mickey Hatcher,R,74,200,0.28,38,25.67567568
Roger Repoz,L,75,190,0.224,82,23.74577778
John Orsino,R,75,215,0.249,40,26.87022222
Johnny Briggs,L,73,190,0.253,139,25.0647401
Dave Hostetler,R,76,215,0.229,37,26.16776316
Bob Jones,L,74,195,0.221,20,25.03378378
Keith Hernandez,L,72,180,0.296,162,24.40972222
Dean Chance,R,75,200,0.066,0,24.99555556
Willie Upshaw,L,72,185,0.262,123,25.08777006
Dick Green,R,70,180,0.24,80,25.8244898
Dane Iorg,L,72,180,0.276,14,24.40972222
Richie Hebner,L,73,195,0.276,203,25.72433853
Fran Healy,R,77,220,0.25,20,26.08534323
Doc Edwards,R,74,215,0.238,15,27.60135135
Sandy Alomar,B,69,140,0.245,13,20.6721277
Joe Strain,R,70,169,0.25,1,24.24632653
Gene Richards,L,72,175,0.29,26,23.73167438
Buddy Bell,R,73,180,0.279,201,23.74554325
Al Woods,L,75,190,0.271,35,23.74577778
Rudy Law,L,73,165,0.271,18,21.76674798
Jody Davis,R,76,192,0.245,127,23.36842105
Mike Edwards,R,70,154,0.25,2,22.09428571
Deron Johnson,R,74,200,0.244,245,25.67567568
John Denny,R,75,185,0.17,0,23.12088889
Don Wert,R,70,162,0.242,77,23.24204082
Mike Fiore,L,72,175,0.227,13,23.73167438
Miguel Dilone,B,72,160,0.265,6,21.69753086
Greg Luzinski,R,73,220,0.276,307,29.02233064
Bobby Tolan,L,71,170,0.265,86,23.7075977
Ron Woods,R,70,168,0.233,26,24.10285714
Tony Horton,R,75,210,0.268,76,26.24533333
Randy Hundley,R,71,170,0.236,82,23.7075977
Jose Tartabull,L,71,165,0.261,2,23.01031541
Ben Oglivie,L,74,160,0.273,235,20.54054054
Bob Johnson,R,70,175,0.272,44,25.10714286
Don Buford,B,67,160,0.264,93,25.05680552
Duane Kuiper,L,72,175,0.271,1,23.73167438
Brant Alyea,R,75,215,0.247,38,26.87022222
Jerry Narron,L,75,205,0.211,21,25.62044444
Lou Johnson,R,71,170,0.258,48,23.7075977
Ken Retzer,L,72,185,0.264,14,25.08777006
Mike Brown,R,74,195,0.265,23,25.03378378
Greg Walker,L,75,205,0.26,113,25.62044444
Terry Harper,R,76,195,0.253,36,23.73355263
Jerry Royster,R,72,165,0.249,40,22.3755787
Barry Bonnell,R,75,190,0.272,56,23.74577778
Tom Seaver,R,73,195,0.154,12,25.72433853
Jerry Martin,R,73,195,0.251,85,25.72433853
Bill Stein,R,70,170,0.267,44,24.38979592
Joel Youngblood,R,72,180,0.265,80,24.40972222
Reggie Jackson,L,72,195,0.262,563,26.44386574
Sonny Jackson,L,69,150,0.251,7,22.14870825
Rodney Scott,B,72,160,0.236,3,21.69753086
Rich Coggins,L,68,170,0.265,12,25.84558824
Phil Gagliano,R,73,180,0.238,14,23.74554325
Jerry McNertney,R,72,180,0.237,27,24.40972222
Mitchell Page,L,74,205,0.266,72,26.31756757
Kiko Garcia,R,71,180,0.239,12,25.10216227
Larry Milbourne,B,72,161,0.254,11,21.83314043
Bill Sudakis,B,73,190,0.234,59,25.0647401
Domingo Ramos,R,70,154,0.24,8,22.09428571
Ron Oester,B,74,185,0.265,42,23.75
Glenn Adams,L,73,180,0.28,34,23.74554325
Joe Morgan,L,67,160,0.271,268,25.05680552
R.J. Reynolds,B,72,190,0.267,35,25.7658179
Lee Thomas,L,74,195,0.255,106,25.03378378
Ray Fosse,R,74,215,0.256,61,27.60135135
Paul Popovich,B,72,175,0.233,14,23.73167438
John Stephenson,L,71,180,0.216,12,25.10216227
Doug Clemens,L,72,180,0.229,12,24.40972222
Orlando Mercado,R,72,180,0.199,7,24.40972222
Charley Smith,R,73,170,0.239,69,22.42634641
Buddy Biancalana,B,71,160,0.205,6,22.31303313
Bob Uecker,R,73,190,0.2,14,25.0647401
Felix Torres,R,71,165,0.254,27,23.01031541
Steve Braun,L,70,180,0.271,52,25.8244898
Ray Knight,R,73,185,0.271,84,24.40514168
Ty Cline,L,72,170,0.238,6,23.05362654
Thad Bosley,L,75,175,0.272,20,21.87111111
Bobby Grich,R,74,180,0.266,224,23.10810811
Jimmie Hall,L,72,175,0.254,121,23.73167438
John Boccabella,R,73,195,0.219,26,25.72433853
Brock Davis,L,70,160,0.26,1,22.95510204
Curt Blefary,L,74,195,0.237,112,25.03378378
Mack Jones,L,73,180,0.252,133,23.74554325
Buddy Bradford,R,71,170,0.226,52,23.7075977
Hosken Powell,L,73,175,0.259,17,23.08594483
Dave Stapleton,R,73,178,0.271,41,23.48170388
Gary Ward,R,74,195,0.276,130,25.03378378
Jim Lonborg,R,77,200,0.136,3,23.71394839
Joe Lis,R,72,175,0.233,32,23.73167438
Dan Meyer,L,71,180,0.253,86,25.10216227
Jim Holt,L,72,180,0.265,19,24.40972222
Larry Herndon,R,75,190,0.274,107,23.74577778
Wallace Johnson,B,72,173,0.255,5,23.46045525
Eddie Leon,R,72,170,0.236,24,23.05362654
Jim Wohlford,R,71,175,0.26,21,24.40487998
J.R. Richard,R,80,222,0.168,10,24.3853125
Bill Voss,L,74,160,0.227,19,20.54054054
Keith Moreland,R,72,190,0.279,121,25.7658179
Alex Johnson,R,72,205,0.288,78,27.79996142
Wayne Krenchicki,L,73,180,0.266,15,23.74554325
Dave Rosello,R,71,160,0.236,10,22.31303313
Paul Schaal,R,71,165,0.244,57,23.01031541
Tito Landrum,R,71,175,0.249,13,24.40487998
Dave Edwards,R,72,170,0.237,14,23.05362654
Mario Guerrero,R,70,155,0.257,7,22.2377551
Tom Tresh,B,73,180,0.245,153,23.74554325
Ron Roenicke,B,72,180,0.238,17,24.40972222
Doug Griffin,R,72,160,0.245,7,21.69753086
Steve Blass,R,72,165,0.172,1,22.3755787
Johnnie LeMaster,R,74,165,0.222,22,21.18243243
Nate Oliver,R,70,160,0.226,2,22.95510204
Ray Sadecki,L,71,180,0.191,5,25.10216227
Ken Rudolph,R,73,180,0.213,6,23.74554325
Wayne Nordhagen,R,74,205,0.282,39,26.31756757
Biff Pocoroba,B,70,175,0.257,21,25.10714286
Len Matuszek,L,74,190,0.234,30,24.39189189
Joe Lefebvre,L,70,170,0.258,31,24.38979592
Jim Maloney,L,74,190,0.201,7,24.39189189
Andre Robertson,R,70,155,0.251,5,22.2377551
Jerry Zimmerman,R,74,185,0.204,3,23.75
Chet Lemon,R,72,190,0.273,215,25.7658179
Phil Mankowski,L,72,180,0.264,8,24.40972222
Cleon Jones,R,72,185,0.281,93,25.08777006
Joaquin Andujar,B,72,170,0.127,5,23.05362654
Mike Lum,L,72,180,0.247,90,24.40972222
Johnny Grubb,L,75,175,0.278,99,21.87111111
Curt Motton,R,68,164,0.213,25,24.933391
Johnny Bench,R,73,197,0.267,389,25.98817789
Dale Berra,R,72,180,0.236,49,24.40972222
Bob Meacham,B,73,175,0.236,8,23.08594483
Carl Warwick,R,70,170,0.248,31,24.38979592
Sam Bowens,R,73,188,0.223,45,24.80090073
George Wright,B,71,180,0.245,42,25.10216227
Luis Aguayo,R,69,173,0.236,37,25.54484352
Hal Lanier,R,74,180,0.228,8,23.10810811
Len Randle,B,70,169,0.257,27,24.24632653
Greg Pryor,R,72,180,0.25,14,24.40972222
Jim Traber,L,72,194,0.227,27,26.30825617
Dave Nelson,R,70,160,0.244,20,22.95510204
Lynn Jones,R,69,175,0.252,7,25.84015963
Bryan Little,B,70,160,0.245,3,22.95510204
Ken Suarez,R,69,175,0.227,5,25.84015963
Rick Peters,B,69,170,0.277,2,25.10186936
Ron Stone,L,74,185,0.241,6,23.75
Tommie Agee,R,71,195,0.255,130,27.19400913
Bob Bailey,R,73,180,0.257,189,23.74554325
Cap Peterson,R,74,195,0.23,19,25.03378378
Ted Uhlaender,L,74,190,0.263,36,24.39189189
Ted Simmons,B,71,193,0.285,248,26.91509621
Bobby Murcer,L,71,160,0.277,252,22.31303313
Dick Tracewski,R,71,160,0.213,8,22.31303313
Bill Nahorodny,R,74,200,0.241,25,25.67567568
Bill Madlock,R,71,180,0.305,163,25.10216227
Bob Boone,R,74,195,0.254,105,25.03378378
Steve Kemp,L,72,195,0.278,130,26.44386574
Rick Burleson,R,70,165,0.273,50,23.67244898
Carl Taylor,R,74,200,0.266,10,25.67567568
Terry Harmon,R,74,180,0.233,4,23.10810811
Mike Hargrove,L,72,195,0.29,80,26.44386574
Steve Hovley,L,70,188,0.258,8,26.9722449
Don Leppert,R,74,220,0.229,15,28.24324324
Lee May,R,75,195,0.267,354,24.37066667
Sam McDowell,L,77,190,0.154,2,22.52825097
Rick Renick,R,72,188,0.221,20,25.49459877
Jeff Torborg,R,72,195,0.214,8,26.44386574
Dave Campbell,R,73,180,0.213,20,23.74554325
Pat Kelly,L,73,185,0.264,76,24.40514168
Al Weis,B,72,160,0.219,7,21.69753086
Jerry Turner,L,69,180,0.257,45,26.57844991
Rick Auerbach,R,72,165,0.22,9,22.3755787
Don Wilson,R,74,195,0.146,1,25.03378378
Sandy Valdespino,L,68,170,0.23,7,25.84558824
Ken Phelps,L,73,209,0.239,123,27.57121411
Cesar Cedeno,R,74,175,0.285,199,22.46621622
Phil Linz,R,73,180,0.235,11,23.74554325
Manny Mota,R,70,160,0.304,31,22.95510204
Steve Renko,R,77,230,0.215,6,27.27104065
Rick Sofield,L,73,195,0.243,9,25.72433853
Doug DeCinces,R,74,190,0.259,237,24.39189189
John Castino,R,71,175,0.278,41,24.40487998
Dave May,L,70,186,0.251,96,26.68530612
Ron Washington,R,71,155,0.261,20,21.61575084
Billy Grabarkewitz,R,70,165,0.236,28,23.67244898
Willie Aikens,L,75,220,0.271,110,27.49511111
Earl Williams,R,75,215,0.247,138,26.87022222
Don Hahn,R,73,180,0.236,7,23.74554325
Todd Cruz,R,72,175,0.22,34,23.73167438
Tom Egan,R,76,218,0.2,22,26.53289474
Bob Heise,R,72,175,0.247,1,23.73167438
Tommy Harper,R,69,165,0.257,146,24.36357908
Joe Wallis,B,71,180,0.244,16,25.10216227
Max Alvis,R,71,185,0.247,111,25.79944455
Rico Carty,R,75,200,0.299,204,24.99555556
Mike Cubbage,L,72,180,0.258,34,24.40972222
Merritt Ranew,L,71,170,0.247,8,23.7075977
Lyman Bostock,L,73,180,0.311,23,23.74554325
Damaso Garcia,R,73,165,0.283,36,21.76674798
Roy Howell,L,73,190,0.261,80,25.0647401
Boog Powell,L,76,230,0.266,339,27.99342105
Sonny Siebert,R,75,190,0.173,12,23.74577778
Bobby Darwin,R,74,190,0.251,83,24.39189189
Dan Driessen,L,71,187,0.267,153,26.07835747
Bruce Miller,R,73,185,0.246,1,24.40514168
Bob Bailor,R,71,170,0.264,9,23.7075977
Tommy Helms,R,70,165,0.269,34,23.67244898
Tony Armas,R,71,182,0.252,251,25.38107518
Willie Horton,R,71,209,0.273,325,29.14639952
Lou Piniella,R,72,182,0.291,102,24.68094136
Butch Hobson,R,73,193,0.248,98,25.46049916
John Wathan,R,74,205,0.262,21,26.31756757
Hal King,L,73,200,0.214,24,26.38393695
Mike Krukow,R,77,205,0.193,5,24.3067971
Andres Mora,R,72,180,0.223,27,24.40972222
Barry Foote,R,75,205,0.23,57,25.62044444
Ed Ott,L,70,190,0.259,33,27.25918367
Alan Wiggins,B,74,160,0.259,5,20.54054054
Ron Clark,R,70,175,0.189,5,25.10714286
Julio Gotay,R,72,180,0.26,6,24.40972222
Gary Alexander,R,74,195,0.23,55,25.03378378
Andre Thornton,R,75,200,0.254,253,24.99555556
Bob Oliver,R,75,205,0.256,94,25.62044444
Bob Robertson,R,73,195,0.242,115,25.72433853
Ollie Brown,R,74,178,0.265,102,22.85135135
Frank Quilici,R,73,170,0.214,5,22.42634641
Joe Pepitone,L,74,185,0.258,219,23.75
Steve Barber,L,72,195,0.115,5,26.44386574
Norm Miller,L,70,185,0.238,24,26.54183673
Bob Chance,L,74,196,0.261,24,25.16216216
Julio Cruz,B,69,165,0.237,23,24.36357908
Bill Sample,R,69,175,0.272,46,25.84015963
Craig Kusick,R,75,210,0.235,46,26.24533333
Rudy Meoli,L,69,165,0.212,2,24.36357908
Ruppert Jones,L,70,170,0.25,147,24.38979592
Glenn Hoffman,R,73,175,0.242,23,23.08594483
Russ Gibson,R,73,195,0.228,8,25.72433853
Terry Francona,L,73,190,0.274,16,25.0647401
John Bateman,R,75,210,0.23,81,26.24533333
Luis Pujols,R,74,175,0.193,6,22.46621622
Joe Gaines,R,73,190,0.241,21,25.0647401
Doug Rader,R,74,208,0.251,155,26.7027027
Mickey Stanley,R,73,185,0.248,117,24.40514168
Phil Bradley,R,72,185,0.286,78,25.08777006
Winston Llenas,R,70,165,0.23,3,23.67244898
Charlie Moore,R,71,180,0.261,36,25.10216227
Ralph Garr,L,71,185,0.306,75,25.79944455
Tommy John,R,75,180,0.157,5,22.496
Bruce Benedict,R,73,175,0.242,18,23.08594483
John Ellis,R,74,225,0.262,69,28.88513514
Wes Parker,B,73,180,0.267,64,23.74554325
David Green,R,75,170,0.268,31,21.24622222
Reid Nichols,R,71,165,0.266,22,23.01031541
Rick Reichardt,R,75,210,0.261,116,26.24533333
Luis Tiant,R,72,180,0.164,5,24.40972222
Broderick Perkins,L,70,180,0.271,8,25.8244898
Leon Roberts,R,75,200,0.267,78,24.99555556
Ray Burris,R,77,200,0.151,1,23.71394839
Len Gabrielson,L,76,210,0.253,37,25.55921053
Johnny Edwards,L,76,220,0.242,81,26.77631579
Tom Grieve,R,74,190,0.249,65,24.39189189
Bob Forsch,R,76,200,0.213,12,24.34210526
Danny Cater,R,72,170,0.276,66,23.05362654
Bill Schroeder,R,74,200,0.24,61,25.67567568
Clay Dalrymple,L,72,190,0.233,55,25.7658179
Carlos May,L,71,200,0.274,90,27.89129141
Reggie Smith,B,72,180,0.287,314,24.40972222
Ron Reed,R,78,215,0.158,0,24.8430309
Davey Johnson,R,73,170,0.261,136,22.42634641
Ellis Valentine,R,76,205,0.278,123,24.95065789
Roy White,B,70,160,0.271,160,22.95510204
Mike Brumley,L,70,195,0.229,5,27.97653061
Al Luplow,L,70,175,0.235,33,25.10714286
Dick Allen,R,71,187,0.292,351,26.07835747
Doug Ault,R,75,200,0.236,17,24.99555556
Mark Wagner,R,72,165,0.243,3,22.3755787
Willie Stargell,L,74,188,0.282,475,24.13513514
Steve Carlton,L,76,210,0.201,13,25.55921053
Jake Wood,R,73,163,0.25,35,21.50290861
Del Unser,L,73,180,0.258,87,23.74554325
Bob Brower,R,71,185,0.242,17,25.79944455
Ray Culp,R,72,200,0.123,1,27.12191358
Ivan Murrell,R,74,195,0.236,33,25.03378378
Lee Mazzilli,B,73,180,0.259,93,23.74554325
Garth Iorg,R,71,170,0.258,20,23.7075977
Alan Ashby,B,74,185,0.245,90,23.75
Bob Brenly,R,74,210,0.247,91,26.95945946
Ron Blomberg,L,73,195,0.293,52,25.72433853
Jim Rooker,R,72,195,0.201,7,26.44386574
Tim Blackwell,B,71,170,0.228,6,23.7075977
Jerry Morales,R,70,155,0.259,95,22.2377551
Davey Lopes,R,69,170,0.263,155,25.10186936
Catfish Hunter,R,72,190,0.226,6,25.7658179
Mario Soto,R,72,174,0.132,1,23.59606481
Jimmy Wynn,R,70,160,0.25,291,22.95510204
Hank Allen,R,72,190,0.241,6,25.7658179
Jim Fregosi,R,73,190,0.265,151,25.0647401
Pepe Frias,R,70,159,0.24,1,22.81163265
Mike Schmidt,R,74,195,0.267,548,25.03378378
Willie Montanez,L,72,170,0.275,139,23.05362654
Rey Quinones,R,71,160,0.243,29,22.31303313
Mike Squires,L,71,185,0.26,6,25.79944455
Champ Summers,L,74,205,0.255,54,26.31756757
Bert Campaneris,R,70,160,0.259,79,22.95510204
Bobby Valentine,R,70,189,0.26,12,27.11571429
Rob Andrews,R,72,185,0.251,3,25.08777006
Tom Haller,L,76,195,0.257,134,23.73355263
Ed Stroud,L,71,180,0.237,14,25.10216227
Ron Swoboda,R,74,195,0.242,73,25.03378378
Harry Spilman,L,73,180,0.237,18,23.74554325
Bob Barton,R,72,175,0.226,9,23.73167438
Daryl Sconiers,L,74,185,0.265,15,23.75
Joe Torre,R,74,212,0.297,252,27.21621622
Al Ferrara,R,73,200,0.259,51,26.38393695
Sixto Lezcano,R,70,165,0.271,148,23.67244898
Dave Nicholson,R,74,215,0.212,61,27.60135135
Freddie Patek,R,65,148,0.242,41,24.62579882
Ken Hubbs,R,74,175,0.247,14,22.46621622
Pepe Mangual,R,70,157,0.242,16,22.52469388
Leron Lee,L,72,196,0.25,31,26.57947531
Steve Ontiveros,B,72,185,0.274,24,25.08777006
Willie Davis,L,74,180,0.279,182,23.10810811
Tom Lawless,R,71,170,0.207,2,23.7075977
Jerry Moses,R,75,210,0.251,25,26.24533333
Bobby Bonds,R,73,190,0.268,332,25.0647401
Dave McNally,R,71,185,0.133,9,25.79944455
Darrell Brown,B,72,184,0.274,1,24.95216049
Roy Foster,R,72,185,0.253,45,25.08777006
Denis Menke,R,72,185,0.25,101,25.08777006
Hal Breeden,R,74,200,0.243,21,25.67567568
Manny Trillo,R,73,150,0.263,61,19.78795271
Jackie Gutierrez,R,71,175,0.237,4,24.40487998
Jerry Kenney,L,73,170,0.237,7,22.42634641
Fred Kendall,R,73,185,0.234,31,24.40514168
Mike Anderson,R,74,200,0.246,28,25.67567568
Joe Charboneau,R,74,205,0.266,29,26.31756757
Jimmie Schaffer,R,69,170,0.223,11,25.10186936
Junior Kennedy,R,71,175,0.248,4,24.40487998
Wilbur Howard,B,74,170,0.25,6,21.82432432
Rod Gilbreath,R,74,180,0.248,14,23.10810811
Mark Brouhard,R,73,210,0.259,25,27.7031338
Mike Young,B,74,195,0.247,72,25.03378378
Chris Speier,R,73,175,0.246,112,23.08594483
Gene Michael,B,74,183,0.229,15,23.49324324
Vic Harris,B,71,165,0.217,13,23.01031541
Mike Fischlin,R,73,165,0.22,3,21.76674798
Don Money,R,73,170,0.261,176,22.42634641
Joe Rudi,R,74,200,0.264,179,25.67567568
Jim Rice,R,74,200,0.298,382,25.67567568
Gil Garrido,R,69,150,0.237,1,22.14870825
Marty Perez,R,71,160,0.246,22,22.31303313
Tom Matchick,L,73,173,0.215,4,22.82210546
Jack Perconte,L,70,160,0.27,2,22.95510204
Ed Kirkpatrick,L,71,195,0.238,85,27.19400913
Jerry Grote,R,70,185,0.252,39,26.54183673
Ellie Hendricks,L,73,175,0.22,62,23.08594483
Jim Beauchamp,R,74,190,0.231,14,24.39189189
Tito Fuentes,B,71,175,0.268,45,24.40487998
Ron Brand,R,67,167,0.239,3,26.15304077
Leo Cardenas,R,71,150,0.257,118,20.91846856
Art Shamsky,L,73,168,0.253,68,22.16250704
Ron Cey,R,70,185,0.261,316,26.54183673
Skip Jutze,R,71,190,0.215,3,26.49672684
Butch Wynegar,B,73,190,0.255,65,25.0647401
Ron LeFlore,R,72,200,0.288,59,27.12191358
Bill Russell,R,72,175,0.263,46,23.73167438
Gene Tenace,R,72,190,0.241,201,25.7658179
Bubba Morton,R,70,175,0.267,14,25.10714286
Ellie Rodriguez,R,71,185,0.245,16,25.79944455
Darrel Chaney,B,74,188,0.217,14,24.13513514
Dick Nen,L,74,200,0.224,21,25.67567568
Bill Freehan,R,75,203,0.262,200,25.37048889
Steve Nicosia,R,70,185,0.248,11,26.54183673
Ted Savage,R,73,185,0.233,34,24.40514168
Pete Mackanin,R,74,190,0.226,30,24.39189189
Rich Dauer,R,72,180,0.257,43,24.40972222
Mick Kelleher,R,69,176,0.213,0,25.98781769
Rowland Office,L,72,170,0.259,32,23.05362654
Rick Leach,L,73,180,0.268,18,23.74554325
Dwayne Murphy,L,73,185,0.246,166,24.40514168
Larry Harlow,L,74,185,0.248,12,23.75
Mike Epstein,L,75,230,0.244,130,28.74488889
Jerry Mumphrey,B,74,185,0.289,70,23.75
Don Sutton,R,73,185,0.144,0,24.40514168
Glenn Beckert,R,73,190,0.283,22,25.0647401
Ron Davis,R,72,175,0.233,10,23.73167438
Mike Shannon,R,75,195,0.255,68,24.37066667
Jason Thompson,L,76,200,0.261,208,24.34210526
Wayne Tolleson,B,69,160,0.241,9,23.6252888
Mike Jorgensen,L,72,195,0.243,95,26.44386574
Ed Romero,R,71,160,0.247,8,22.31303313
Rick Joseph,R,73,192,0.243,13,25.32857947
Cecil Cooper,L,74,165,0.298,241,21.18243243
Bill Almon,R,75,180,0.254,36,22.496
Joe Ferguson,R,74,200,0.24,122,25.67567568
Jerry Terrell,R,71,165,0.253,4,23.01031541
Dave Revering,L,76,210,0.265,62,25.55921053
Curt Ford,L,70,150,0.245,7,21.52040816
Jerry Dybzinski,R,74,180,0.234,3,23.10810811
Bob Burda,L,71,174,0.224,13,24.26542353
Jesse Gonder,L,70,180,0.251,26,25.8244898
Gary Sutherland,R,72,185,0.243,24,25.08777006
Bob Coluccio,R,71,183,0.22,26,25.52053164
Dave Rader,L,71,165,0.257,30,23.01031541
Ron Gardenhire,R,72,175,0.232,4,23.73167438
Bill Sharp,L,70,178,0.255,9,25.53755102
Alan Bannister,R,71,170,0.27,19,23.7075977
Bob Watson,R,72,201,0.295,184,27.25752315
Ken Harrelson,R,74,190,0.239,131,24.39189189
Bobby Wine,R,73,187,0.215,30,24.66898105
John Kennedy,R,72,185,0.225,32,25.08777006
Chico Ruiz,B,72,169,0.24,2,22.91801698
Gail Hopkins,L,70,198,0.266,25,28.40693878
Doug Frobel,L,76,196,0.201,20,23.85526316
Luis Melendez,R,72,165,0.248,9,22.3755787
Bill Plummer,R,73,190,0.188,14,25.0647401
Buck Rodgers,B,74,190,0.232,31,24.39189189
Phil Niekro,R,73,180,0.169,7,23.74554325
Tom Poquette,L,70,175,0.268,10,25.10714286
Brian Asselstine,L,73,175,0.254,12,23.08594483
Rick Miller,L,72,175,0.269,28,23.73167438
Ed Charles,R,70,170,0.263,86,24.38979592
Luis Gomez,R,69,150,0.21,0,22.14870825
Floyd Rayford,R,70,190,0.244,38,27.25918367
Tony Conigliaro,R,75,185,0.264,166,23.12088889
Jim Barr,R,75,205,0.162,1,25.62044444
Jerry Remy,L,69,165,0.275,7,24.36357908
Frank Duffy,R,73,180,0.232,26,23.74554325
Tom O'Malley,L,72,180,0.256,13,24.40972222
Phil Garner,R,70,175,0.26,109,25.10714286
